title       ,link
bear        ,https://www.youtube.com/watch?v=fbWtu7yE7Qc
popular     ,https://www.youtube.com/watch?v=vt0i6nuqNEo
stay        ,https://www.youtube.com/watch?v=kTJczUoc26U
lionKing    ,https://www.youtube.com/watch?v=o17MF9vnabg
bye         ,https://www.youtube.com/watch?v=Eo-KmOd3i7s
kratos      ,https://www.youtube.com/watch?v=P9pfsqBGwes
allTheStars ,https://www.youtube.com/watch?v=JQbjS0_ZfJ0
voilet      ,https://www.youtube.com/watch?v=07fhkAoCnig
iphone      ,https://www.youtube.com/watch?v=b4vliuq1iVc
kid_movie   ,https://www.youtube.com/watch?v=uvLMS_i-XUw